Chapter,Topic,words,File Name,From
Areas of study,English Composition,brackets,brackets.jpg,https://icons8.com/icon/122223/curly-brackets
Areas of study,English Composition,braces/curly bracket,braces.jpg,none
Areas of study,English Composition,square brackets,square brackets.jpg,https://icons8.com/icon/8hsHuynPDu-u/square-brackets
Areas of study,English Composition,angle brackets,angle brackets.jpg,none
Areas of study,English Composition,slash,slash.jpg,none
Areas of study,English Composition,backslash,backslash.jpg,none
Areas of study,English Composition,pipe,pipe.jpg,none
Areas of study,English Composition,tilde,tilde.jpg,none
Areas of study,English Composition,backtick,backtick.jpg,none
Areas of study,English Composition,carat,carat.jpg,none
Areas of study,English Composition,period,period.jpg,none
Areas of study,English Composition,comma,comma.jpg,none
Areas of study,English Composition,double quotation mark,double quotation mark.jpg,none
Areas of study,English Composition,single quotation mark,single quotation mark.jpg,none
Areas of study,English Composition,apostrophe,apostrophe.jpg,none
Areas of study,English Composition,hyphen/minus sign,hyphen.jpg,none
Areas of study,English Composition,colon,colon.jpg,none
Areas of study,English Composition,exclamation mark,exclamation mark.jpg,apple
Areas of study,English Composition,semicolon,semicolon.jpg,none
Areas of study,English Composition,acronym/stand for,acronym.jpg,https://pixabay.com/zh/photos/omg-oh-my-god-texting-social-media-1934214/
Areas of study,English Composition,spelling,spelling.jpg,https://unsplash.com/photos/vcF5y2Edm6A
Areas of study,English Composition,essay,essay.jpg,https://unsplash.com/photos/zIwAchjDirM
Areas of study,Mathematics,put triangle on the right,put triangle on the right.jpg,hd
Areas of study,Mathematics,put rectangle on the left,put rectangle on the left.jpg,hd
Areas of study,Mathematics,put square in the middle,put square in the middle.jpg,hd
Areas of study,Mathematics,put square in the top left corner,put square in the top left corner.jpg,hd
Areas of study,Mathematics,put circle at the bottom,put circle at the bottom.jpg,hd
Areas of study,Mathematics,put circle at the top,put circle at the top.jpg,hd
Areas of study,School and Subjects,math,math.jpg,https://unsplash.com/photos/ViEBSoZH6M4
Areas of study,School and Subjects,language arts,language arts.jpg,https://unsplash.com/photos/oB2aEeE8s4A
Areas of study,School and Subjects,elementary education/elementary school,elementary education.jpg,https://unsplash.com/photos/O5EMzfdxedg
Areas of study,School and Subjects,middle school,middle school.jpg,https://unsplash.com/photos/tJUjeaNIOZs
Areas of study,School and Subjects,high school/band/team,high school.jpg,https://unsplash.com/photos/QckxruozjRg
Areas of study,School and Subjects,university/CGEP/college,university.jpg,https://unsplash.com/photos/YRMWVcdyhmI
Areas of study,School and Subjects,history,history.jpg,https://unsplash.com/photos/e1mSmviBa0E
Areas of study,School and Subjects,attend class,attend class.jpg,https://unsplash.com/photos/5iseEuoW7mw
Areas of study,School and Subjects,bathroom/restroom/toilet/washroom,bathroom.jpg,https://unsplash.com/photos/8mMUnl_exqY
Areas of study,School and Subjects,chemical/chemistry/science,chemical.jpg,https://unsplash.com/photos/H9t723yPjYI
Areas of study,School and Subjects,cafeteria,cafeteria.jpg,https://unsplash.com/photos/PkbyxvkGWcU
Areas of study,School and Subjects,lunch/lunch box,lunch.jpg,https://unsplash.com/photos/zxPLJJz2o_c
Areas of study,School and Subjects,quiz/practise/exam,quiz.jpg,https://unsplash.com/photos/cbEvoHbJnIE
Areas of study,School and Subjects,adult school,adult school.jpg,https://unsplash.com/photos/1-aA2Fadydc
Areas of study,School and Subjects,vocabulary/word/pronunciation,vocabulary.jpg,https://unsplash.com/photos/k-P2ow0S6o4
Areas of study,School and Subjects,physical education/P.E./track,physical education.jpg,https://unsplash.com/photos/atSaEOeE8Nk
Areas of study,School and Subjects,gym/gymnasium,gym.jpg,https://unsplash.com/photos/hEQpoeUuJXA
Areas of study,School and Subjects,locker,locker.jpg,https://unsplash.com/photos/VLaKsTkmVhk
Areas of study,School and Subjects,correct/check/positive,correct.jpg,https://www.flaticon.com/premium-icon/accept_2550322
Areas of study,School and Subjects,odd number,odd number.jpg,https://unsplash.com/photos/zty84NY_FOY
Areas of study,School and Subjects,even number,even number.jpg,https://unsplash.com/photos/zty84NY_FOY
Areas of study,School and Subjects,homework,homework.jpg,https://unsplash.com/photos/ORDz1m1-q0I
Areas of study,School and Subjects,line/line up/make a line,line.jpg,https://unsplash.com/photos/n0CTq0rroso
Areas of study,School and Subjects,cancel/negative,cancel.jpg,https://www.flaticon.com/premium-icon/cancel_2550327
Areas of study,School and Subjects,upstairs,upstairs.jpg,https://unsplash.com/photos/DTX05s6IxyU
Areas of study,School and Subjects,difficult,difficult.jpg,https://unsplash.com/photos/Jiyoj5B72iU
Areas of study,School and Subjects,downstairs,downstairs.jpg,https://unsplash.com/photos/_54pAG6hczU
Areas of study,School and Subjects,stapler,stapler.jpg,https://pixabay.com/zh/photos/stapler-metal-desktop-staples-5521592/
Areas of study,School and Subjects,painting/draw,painting.jpg,https://unsplash.com/photos/VlXlW77swwY
Areas of study,School and Subjects,pencil sharpener,pencil sharpener.jpg,https://unsplash.com/photos/H3UKvdu3GQE
Areas of study,School and Subjects,scissors,scissors.jpg,https://unsplash.com/photos/i0ROGKijuek
Areas of study,School and Subjects,ruler,ruler.jpg,https://unsplash.com/photos/WahfNoqbYnM
Areas of study,School and Subjects,eraser/raser,eraser.jpg,https://unsplash.com/photos/7Xw9yEA8rqQ
Areas of study,School and Subjects,graduation,graduation.jpg,https://unsplash.com/photos/8CqDvPuo_kI
Areas of study,School and Subjects,glue stick/glue,glue stick.jpg,https://unsplash.com/photos/AJIJ6Gmy0KM
Areas of study,School and Subjects,introduce,introduce.jpg,https://pixabay.com/illustrations/my-name-is-name-hello-tag-meeting-1185862/
Areas of study,School and Subjects,shake hands,shake hands.jpg,https://unsplash.com/photos/n95VMLxqM2I
Areas of study,School and Subjects,smile,smile.jpg,https://unsplash.com/photos/IF9TK5Uy-KI
Areas of study,School and Subjects,hug,hug.jpg,https://unsplash.com/photos/L4nwL3195U0
Areas of study,School and Subjects,wave,wave.jpg,https://unsplash.com/photos/SwMgX1d0Kmw
Areas of study,School and Subjects,sign,sign.jpg,https://pixabay.com/zh/photos/business-signature-contract-962355/
Areas of study,School and Subjects,quad,quad.jpg,https://pixabay.com/zh/photos/trinity-quad-quadrangle-school-1450326/
Areas of study,School and Subjects,field,field.jpg,https://unsplash.com/photos/KWQ2kQtxiKE
Areas of study,School and Subjects,bleachers/grandstand,bleachers.jpg,https://unsplash.com/photos/_N5Rqf-2vU0
Areas of study,School and Subjects,principal,principal.jpg,https://unsplash.com/photos/C6-GjBAOtZc
Areas of study,School and Subjects,classroom,classroom.jpg,https://unsplash.com/photos/zFSo6bnZJTw
Areas of study,School and Subjects,hallway,hallway.jpg,https://unsplash.com/photos/nbk-hwLDCOA
Areas of study,School and Subjects,clerk,clerk.jpg,https://unsplash.com/photos/-Ox-nqpEUqM
Areas of study,School and Subjects,coach,coach.jpg,https://unsplash.com/photos/nKcx6jbFE-A
Areas of study,School and Subjects,auditorium,auditorium.jpg,https://unsplash.com/photos/COWf-5ZtZ6w
Areas of study,School and Subjects,recess,recess.jpg,https://unsplash.com/photos/TRrBszDmuWE
Areas of study,School and Subjects,chalkboard,chalkboard.jpg,https://unsplash.com/photos/pqYVbw4xrFU
Areas of study,School and Subjects,whiteboard,whiteboard.jpg,https://unsplash.com/photos/iW9oP7Ljkbg
Areas of study,School and Subjects,desk,desk.jpg,https://unsplash.com/photos/l_brMXgpJhk
Areas of study,School and Subjects,screen,screen.jpg,https://unsplash.com/photos/8GDCzWrcE3M
Areas of study,School and Subjects,headphones/headset,headphones.jpg,https://unsplash.com/photos/LSNJ-pltdu8
Areas of study,School and Subjects,projector,projector.jpg,https://unsplash.com/photos/MAYsdoYpGuk
Areas of study,School and Subjects,raise your hand,raise your hand.jpg,https://unsplash.com/photos/2C4yHmZnnNk
Areas of study,School and Subjects,stand up,stand up.jpg,https://unsplash.com/photos/c5vukNy-3sE
Areas of study,School and Subjects,sit down,sit down.jpg,https://unsplash.com/photos/0QhYFfIEl2A
Areas of study,School and Subjects,listen,listen.jpg,https://unsplash.com/photos/a1axIWxQxxM
Areas of study,School and Subjects,pick up,pick up.jpg,https://unsplash.com/photos/jgAMefX4zl4
Areas of study,School and Subjects,put down,put down.jpg,https://pixabay.com/zh/illustrations/puzzle-last-part-part-puzzle-piece-2856320/
Areas of study,School and Subjects,alphabet/alphabetical,alphabet.jpg,https://unsplash.com/photos/cg09hKk6rlw
Areas of study,School and Subjects,bookcase,bookcase.jpg,https://unsplash.com/photos/VfHoMBagDPc
Areas of study,School and Subjects,computer,computer.jpg,https://unsplash.com/photos/95YRwf6CNw8
Areas of study,School and Subjects,bulletin board,bulletin board.jpg,https://unsplash.com/photos/SxvIhthwZec
Areas of study,School and Subjects,marker,marker.jpg,https://unsplash.com/photos/fSWQPBxqClg
Areas of study,School and Subjects,textbook,textbook.jpg,https://unsplash.com/photos/GCoGY0_IBts
Areas of study,School and Subjects,notebook,notebook.jpg,https://unsplash.com/photos/dgVSuJu58C0
Areas of study,School and Subjects,dictionary,dictionary.jpg,https://unsplash.com/photos/FQvadXmA524
Areas of study,School and Subjects,workbook,workbook.jpg,https://pixabay.com/zh/photos/a-book-employees-collaboration-4629804/
Areas of study,School and Subjects,look up,look up.jpg,https://pixabay.com/zh/illustrations/search-icon-search-icon-find-6748664/
Areas of study,School and Subjects,discuss/conversation,discuss.jpg,https://unsplash.com/photos/LQZQM_z1b-s
Areas of study,School and Subjects,dictate,dictate.jpg,https://pixabay.com/zh/photos/studies-student-dictation-pen-text-921885/
Areas of study,School and Subjects,practice,practice.jpg,https://unsplash.com/photos/u1NUc6wb9Cg
Clothing,Everyday Clothes,toque/ski hat,toque.jpg,https://unsplash.com/photos/aw8vJEabA2o
Clothing,Everyday Clothes,shirt,shirt.jpg,https://unsplash.com/photos/hMMXhKSZk7k
Clothing,Everyday Clothes,sneakers/runing shoes/trainers/athletic shoes,sneakers.jpg,https://unsplash.com/photos/SD9Jyl1xNQ4
Clothing,Everyday Clothes,blouse,blouse.jpg,https://unsplash.com/photos/0f9et7fge84
Clothing,Everyday Clothes,skirt,skirt.jpg,https://unsplash.com/photos/5pmpSRctZb0
Clothing,Everyday Clothes,suit,suit.jpg,https://unsplash.com/photos/ECJWF1NxSpM
Clothing,Everyday Clothes,pants/slacks,pants.jpg,https://unsplash.com/photos/5NPId7L1_p4
Clothing,Everyday Clothes,jeans,jeans.jpg,https://unsplash.com/photos/zDyJOj8ZXG0
Clothing,Everyday Clothes,dress,dress.jpg,https://unsplash.com/photos/ohiyigDmlYc
Clothing,Everyday Clothes,cap/baseball cap,cap.jpg,https://unsplash.com/photos/FEx5z_k0hss
Clothing,Everyday Clothes,sweater,sweater.jpg,https://unsplash.com/photos/A2dLORW-gJY
Community,Downtown,traffic light,traffic light.jpg,https://unsplash.com/photos/PN-YnI5stdQ
Community,Downtown,stop sign,stop sign.jpg,https://unsplash.com/photos/lcQa1OQ7Exg
Community,Downtown,parking garage,parking garage.jpg,https://unsplash.com/photos/olo97u6_j3s
Community,Downtown,office building,office building.jpg,https://unsplash.com/photos/_jFDQJfCTyA
Community,Downtown,hotel,hotel.jpg,https://unsplash.com/photos/6xeMf4bg0eA
Community,Downtown,bank,bank.jpg,https://freesvg.org/bank
Community,Downtown,police station,police station.jpg,https://pixabay.com/zh/photos/usa-new-york-nypd-vehicles-2664918/
Community,Downtown,bus station,bus station.jpg,https://unsplash.com/photos/eDk6B7070Qc
Community,Downtown,city hall,city hall.jpg,https://www.flickr.com/photos/caribb/86227954
Community,Downtown,hospital/clinic,hospital.jpg,https://unsplash.com/photos/DE6rYp1nAho
Community,Downtown,gas station,gas station.jpg,https://unsplash.com/photos/t8bDFvkhNQY
Community,Downtown,post office,post office.jpg,https://unsplash.com/photos/N2EKGTgu5-k
Community,Downtown,fire station,fire station.jpg,https://unsplash.com/photos/HAZ0uomHB38
Community,Downtown,courthouse,courthouse.jpg,https://unsplash.com/photos/t6Hd6ONYGrk
Community,Downtown,restaurant,restaurant.jpg,https://unsplash.com/photos/0uAVsDcyD0M
Community,Downtown,library,library.jpg,https://unsplash.com/photos/ln_slYqaMiI
Community,Downtown,museum,museum.jpg,https://unsplash.com/photos/tXmc2mVDxJc
Community,Downtown,stadium,stadium.jpg,https://unsplash.com/photos/bY4cqxp7vos
Community,Downtown,movie theater,movie theater.jpg,https://unsplash.com/photos/23LET4Hxj_U
Community,The Bank,teller,teller.jpg,https://pixabay.com/zh/illustrations/bank-teller-bank-service-6330466/
Community,The Bank,issue a fine,issue a fine.jpg,https://unsplash.com/photos/crGG3QXuyPc
Community,The Bank,safety deposit box/safe box,safety deposit box.jpg,https://unsplash.com/photos/Uf-c4u1usFQ
Community,The Bank,security guard,security guard.jpg,https://unsplash.com/photos/JEBeXUHm1c4
Community,The Bank,robber/thief/steal/thieves/burglar/crime,robber.jpg,https://pixabay.com/zh/photos/money-heist-thieves-robbery-gun-6632767/
Community,The Bank,vault,vault.jpg,https://unsplash.com/photos/3wPJxh-piRw
Community,The Bank,deposited/deposit,deposited.jpg,hd
Community,The Bank,withdraw/withdrew/withdrawal,withdraw.jpg,hd
Community,The Bank,debit/a decrease in money,debit.jpg,hd
Community,The Bank,credit/an increase in money,credit.jpg,hd
Community,The Bank,balance/the remaining money,balance.jpg,hd
Community,The Bank,bills,bills.jpg,https://unsplash.com/photos/1pJSWFdyJ98
Community,The Bank,coins,coins.jpg,https://unsplash.com/photos/Sw2XNTgA-wc
Community,The Bank,horizontal/row,horizontal.jpg,hd
Community,The Bank,vertical/column,vertical.jpg,hd
Community,The Bank,cheque/check,cheque.jpg,https://pixabay.com/zh/photos/cheques-administration-hand-2672195/
Community,The Bank,currency,currency.jpg,https://pixabay.com/zh/vectors/currency-dollar-euro-yen-pound-1680786/
Community,The Bank,red envelope,red envelope.jpg,https://pixabay.com/zh/vectors/red-envelope-festive-new-year-4180773/
Community,The Bank,piggy bank,piggy bank.jpg,https://unsplash.com/photos/EmGF98ckNSU
Community,The Bank,spend,spend.jpg,https://pixabay.com/zh/illustrations/invoice-cash-payments-concept-3739354/
Community,The Bank,lend/borrow/loan,lend.jpg,https://pixabay.com/zh/illustrations/salary-payout-donation-payroll-man-3038325/
Community,The Bank,earning/payroll/income/salary,earning.jpg,hd
Community,The Bank,consuming,consuming.jpg,hd
Community,The Bank,slot,slot.jpg,https://unsplash.com/photos/QtTKfb23nBc
Community,The Bank,pay it off/payback/owe/debt/due,pay it off.jpg,hd
Community,The Bank,transaction,transaction.jpg,hd
Community,The Bank,signature,signature.jpg,https://unsplash.com/photos/XQaqV5qYcXg
Community,The Bank,treasure/reserve/fortune,treasure.jpg,https://pixabay.com/zh/photos/treasure-chest-chest-jewellery-open-619868/
Everyday Language,Time,dawn/sunrise,dawn.jpg,https://unsplash.com/photos/EAvS-4KnGrk
Everyday Language,Time,sunset,sunset.jpg,https://unsplash.com/photos/K2u71wv2eI4
Everyday Language,Time,morning,morning.jpg,https://unsplash.com/photos/wBuPCQiweuA
Everyday Language,Time,noon,noon.jpg,https://unsplash.com/photos/_m_QJcaNdDs
Everyday Language,Time,afternoon,afternoon.jpg,https://unsplash.com/photos/-NFJWktqvIY
Everyday Language,Time,evening,evening.jpg,https://unsplash.com/photos/Cf-M2FD4pOQ
Everyday Language,Time,night,night.jpg,https://unsplash.com/photos/hmccpK4HEwg
Everyday Language,Time,midnight,midnight.jpg,https://unsplash.com/photos/D9FQYwAclwQ
Everyday Language,Time,spring,spring.jpg,https://unsplash.com/photos/sKJ7zSylUao
Everyday Language,Time,summer/sunny climate,summer.jpg,https://unsplash.com/photos/y5PG8ZecXQI
Everyday Language,Time,fall/autumn,fall.jpg,https://unsplash.com/photos/wITd9_eDTw8
Everyday Language,Time,winter,winter.jpg,https://unsplash.com/photos/xtIYGB0KEqc
Everyday Language,Time,anniversary,anniversary.jpg,https://unsplash.com/s/photos/anniversary
Everyday Language,Time,vacation/leisure,vacation.jpg,https://unsplash.com/photos/UBe-M4bBxjw
Everyday Language,Weather,bitterly cold,bitterly cold.jpg,https://pixabay.com/zh/photos/protractor-thermometer-cold-snow-1753780/
Everyday Language,Weather,precipitation/raining,precipitation.jpg,https://unsplash.com/photos/Nw_D8v79PM4
Everyday Language,Weather,sleet,sleet.jpg,jessie
Everyday Language,Weather,condensation,condensation.jpg,https://unsplash.com/photos/Y9awChpvLRo
Everyday Language,Weather,freezing,freezing.jpg,https://unsplash.com/photos/sCH-WMJRdxk
Everyday Language,Weather,evaporation/vapor,evaporation.jpg,https://unsplash.com/photos/5QefmfNlUdQ
Everyday Language,Weather,sunny/clear,sunny.jpg,https://unsplash.com/photos/zjoydJb17mE
Everyday Language,Weather,lightning/thunderstorm,lightning.jpg,https://unsplash.com/photos/nbqlWhOVu6k
Everyday Language,Weather,hailstorm/hail,hailstorm.jpg,https://pixabay.com/zh/photos/first-snow-hail-summerotakoeleto-1821255/
Everyday Language,Weather,foggy,foggy.jpg,https://unsplash.com/photos/NLGtLHoP8UY
Everyday Language,Weather,icy/slippery,icy.jpg,https://unsplash.com/photos/Lq6R5kUG0cQ
Everyday Language,Weather,smoggy,smoggy.jpg,https://unsplash.com/photos/x18KXZZi790
Everyday Language,Weather,snowstorm/blizzard,snowstorm.jpg,https://unsplash.com/photos/auKUoQcwQfs
Everyday Language,Weather,dust storm,dust storm.jpg,https://unsplash.com/photos/epRe09tKr_4
Everyday Language,Weather,hurricanes,hurricanes.jpg,https://unsplash.com/photos/5477L9Z5eqI
Everyday Language,Weather,heat wave,heat wave.jpg,https://pixabay.com/zh/vectors/fever-hot-temp-thermometer-1300516/
Everyday Language,Weather,cloudy,cloudy.jpg,https://unsplash.com/photos/MnnXMvs4cQo
Everyday Language,Weather,warm,warm.jpg,https://unsplash.com/photos/A7nK49HCqSI
Food,Back from the Market,pasta,pasta.jpg,https://unsplash.com/photos/SJ7uORconic
Food,Back from the Market,shopping list,shopping list.jpg,https://unsplash.com/photos/C4FbCe4L_pw
Food,Back from the Market,soda/soft drinks,soda.jpg,https://unsplash.com/photos/sQNq223Rr54
Food,Back from the Market,bread,bread.jpg,https://unsplash.com/photos/N4gtuEZ5gWc
Food,Back from the Market,rice,rice.jpg,https://unsplash.com/photos/-LdilhDx3sk
Food,Back from the Market,fruits,fruits.jpg,https://unsplash.com/photos/5JQH9Iqnm9o
Food,Back from the Market,butter,butter.jpg,https://unsplash.com/photos/094mP_CBdpM
Food,Back from the Market,meat,meat.jpg,https://unsplash.com/photos/MEnlQv-EQvY
Food,Back from the Market,alcohol,alcohol.jpg,https://unsplash.com/photos/6UIonphZA5o
Food,Back from the Market,snack,snack.jpg,https://unsplash.com/photos/PTv-B97DHNI
Food,Back from the Market,vegetables/veggies,vegetables.jpg,https://unsplash.com/photos/-gOUx23DNks
Food,Back from the Market,pickle,pickle.jpg,https://unsplash.com/photos/fl06AH9eq0w
Food,Chinese Restaurant,enokitake/see you tomorrow,enokitake.jpg,https://unsplash.com/photos/DWhaPE87z7A
Food,Chinese Restaurant,wonton/mini wonton,wonton.jpg,https://unsplash.com/photos/xqiTvFFee6Y
Food,Chinese Restaurant,steam bun,steam bun.jpg,https://unsplash.com/photos/gQC-03St0UY
Food,Chinese Restaurant,orange chicken/orange flavored chicken/mandarin chicken,orange chicken.jpg,https://unsplash.com/photos/PelZKp07ByU
Food,Chinese Restaurant,pot sticker,pot sticker.jpg,https://pixabay.com/zh/photos/dumplings-fried-dumplings-fried-5557529/
Food,Chinese Restaurant,beef soup noodle,beef soup noodle.jpg,https://unsplash.com/photos/08aic3qPcag
Food,Chinese Restaurant,stir-fried tomato and scrambled eggs,stir-fried tomato and scrambled eggs.jpg,https://pixabay.com/zh/photos/eggs-tomatoes-fry-mix-grilled-2925912/
Food,Chinese Restaurant,stir fried egg,stir fried egg.jpg,https://pixabay.com/zh/photos/stir-fried-basil-a-fried-egg-6921825/
Food,Chinese Restaurant,mapo tofu,mapo tofu.jpg,https://pixabay.com/zh/photos/mapo-tofu-green-onion-sauce-4985990/
Food,Chinese Restaurant,pork belly,pork belly.jpg,https://unsplash.com/photos/aJ6dyiSg91g
Food,Chinese Restaurant,steamed fish,steamed fish.jpg,https://pixabay.com/zh/photos/steamed-fish-chinese-food-perch-3495930/
Food,Chinese Restaurant,hot pots,hot pots.jpg,https://unsplash.com/photos/kpC36hIsODQ
Food,Chinese Restaurant,shu mai,shu mai.jpg,https://pixabay.com/zh/photos/dim-sum-breakfast-shrimp-dumplings-6903004/
Food,Chinese Restaurant,sweet and sour pork,sweet and sour pork.jpg,https://pixabay.com/zh/photos/sweet-and-sour-pork-咕噜肉-chinese-1264563/
Food,Chinese Restaurant,barbeeque pork bun,barbeeque pork bun.jpg,https://pixabay.com/zh/photos/steamed-bun-cha-siu-bao-snack-6757272/
Food,Chinese Restaurant,barbeeque pork/Char siu,barbeeque pork.jpg,https://pixabay.com/zh/photos/char-siu-chinese-roast-pork-meal-5083812/
Food,Chinese Restaurant,egg rolls,egg rolls.jpg,https://unsplash.com/photos/broMfoJ0Emg
Food,Chinese Restaurant,thousand-year eggs,thousand-year eggs.jpg,https://pixabay.com/zh/photos/food-foodie-meal-healthy-plate-3350226/
Food,Chinese Restaurant,sugar-coated haws on a stick,sugar-coated haws on a stick.jpg,https://unsplash.com/photos/EPY0J0tbOKM
Food,Chinese Restaurant,Yangzhou Fried Rice,Yangzhou Fried Rice.jpg,https://pixabay.com/zh/photos/fried-rice-exotic-food-philippines-2098037/
Food,Chinese Restaurant,Chow Mein,Chow Mein.jpg,https://unsplash.com/photos/e2-SLgEmzyg
Food,Chinese Restaurant,Kung Pao chicken/kung bo chicken,Kung Pao chicken.jpg,https://pixabay.com/zh/photos/kung-pao-chicken-rice-tea-flat-lay-5700078/
Food,Chinese Restaurant,covered rice/bref over rice/chicken over rice,covered rice.jpg,https://unsplash.com/photos/FheBw4BfRpQ
Food,Chinese Restaurant,ramen,ramen.jpg,https://unsplash.com/photos/mE6kjov4rTg
Food,Chinese Restaurant,dumplings,dumplings.jpg,https://unsplash.com/photos/D-vDQMTfAAU
Food,Fruit,blueberries,blueberries.jpg,https://unsplash.com/photos/TdDtTu2rv4s
Food,Fruit,raspberries,raspberries.jpg,https://unsplash.com/photos/T6yw2uxui88
Food,Fruit,strawberries,strawberries.jpg,https://unsplash.com/photos/IXOjM_g-XBQ
Food,Fruit,plums,plums.jpg,https://unsplash.com/photos/pifx48IFTOo
Food,Fruit,apricots,apricots.jpg,https://unsplash.com/photos/Vjqad2cAxZw
Food,Fruit,cherries,cherries.jpg,https://unsplash.com/photos/_xN7UbcZ33I
Food,Fruit,peaches,peaches.jpg,https://unsplash.com/photos/H4QpChoce7I
Food,Fruit,citrus,citrus.jpg,https://unsplash.com/photos/TksZ6zYnL1U
Food,Fruit,tangerines/mandarins,tangerines.jpg,https://unsplash.com/photos/uiPaZkzjv64
Food,Fruit,limes,limes.jpg,https://unsplash.com/photos/huUI0y0ERMM
Food,Fruit,lemons,lemons.jpg,https://unsplash.com/photos/TFqjlTmkeyY
Food,Fruit,grapefruit,grapefruit.jpg,https://unsplash.com/photos/_qCIac4iJl0
Food,Fruit,oranges,oranges.jpg,https://unsplash.com/photos/rsj7-N_vhH4
Food,Fruit,bananas,bananas.jpg,https://unsplash.com/photos/DkTuGvgPotA
Food,Fruit,grapes,grapes.jpg,https://unsplash.com/photos/WD5DErY3zWM
Food,Fruit,pears,pears.jpg,https://unsplash.com/photos/3zmVSZQIozA
Food,Fruit,apples,apples.jpg,https://unsplash.com/photos/P2X7NDx_GP0
Food,Vegetables,turnips,turnips.jpg,https://unsplash.com/photos/jzqyx7vfmpI
Food,Vegetables,broccoli,broccoli.jpg,https://unsplash.com/photos/4fTaeH37eH0
Food,Vegetables,cauliflower,cauliflower.jpg,https://unsplash.com/photos/y4j_bKe0b6Q
Food,Vegetables,chili peppers,chili peppers.jpg,https://unsplash.com/photos/DkiD0F2TDzU
Food,Vegetables,parsley,parsley.jpg,https://unsplash.com/photos/ROLioAWYkhM
Food,Vegetables,asparagus,asparagus.jpg,https://unsplash.com/photos/KCZ7RdByMp0
Food,Vegetables,zucchini,zucchini.jpg,https://unsplash.com/photos/ttyJGdk2kmU
Food,Vegetables,squashs,squashs.jpg,https://unsplash.com/photos/02hwpDlWeGI
Food,Vegetables,eggplants,eggplants.jpg,https://unsplash.com/photos/4pjNDw_Qvfk
Food,Vegetables,artichokes,artichokes.jpg,https://unsplash.com/photos/J84yENp4O9w
Food,Vegetables,peas,peas.jpg,https://unsplash.com/photos/iwKlrhVbGzA
Food,Vegetables,beets,beets.jpg,https://unsplash.com/photos/lFxgx7Snyfw
Food,Vegetables,butter lettuce,butter lettuce.jpg,https://unsplash.com/photos/OpLaMhfqTwQ
Food,Vegetables,iceberg lettuce,iceberg lettuce.jpg,https://unsplash.com/photos/cUntM83orfg
Food,Vegetables,romaine lettuce,romaine lettuce.jpg,jessie
Food,Vegetables,green leaf lettuce,green leaf lettuce.jpg,https://unsplash.com/photos/PUlsxslYryE
Food,Vegetables,red leaf lettuce,red leaf lettuce.jpg,jessie
Food,Vegetables,purple cabbage,purple cabbage.jpg,https://unsplash.com/photos/8pWavjyk3Uc
Food,Vegetables,cabbage,cabbage.jpg,https://unsplash.com/photos/7iRMOXXxH7c
Food,Vegetables,carrots,carrots.jpg,https://unsplash.com/photos/GHRT9j21m2M
Food,Vegetables,radishes,radishes.jpg,https://unsplash.com/photos/B4y0dFOq510
Food,Vegetables,green bean sprouts/mung bean sprouts,green bean sprouts.jpg,jessie
Food,Vegetables,soy bean sprouts,soy bean sprouts.jpg,https://unsplash.com/photos/Z9PWoOsV0uk
Food,Vegetables,spinach,spinach.jpg,https://unsplash.com/photos/4jpNPu7IW8k
Food,Vegetables,cucumbers,cucumbers.jpg,https://unsplash.com/photos/L8GbxVUQ-f0
Food,Vegetables,onions,onions.jpg,https://unsplash.com/photos/bC1fXU1v98U
Food,Vegetables,scallion/green onion,scallion.jpg,https://unsplash.com/photos/7CcXR5wIhEY
Food,Vegetables,leek,leek.jpg,https://unsplash.com/photos/NyI6X3oj7mg
Food,Vegetables,chinese chive,chinese chive.jpg,https://pixabay.com/zh/photos/chinese-chives-vegetable-field-1206712/
Food,Vegetables,mushrooms,mushrooms.jpg,https://unsplash.com/photos/--9pYUo2f04
Food,Vegetables,corn,corn.jpg,https://unsplash.com/photos/HE_MjmWh9eQ
Food,Vegetables,potatoes,potatoes.jpg,https://unsplash.com/photos/B0s3Xndk6tw
Food,Vegetables,tomatoes,tomatoes.jpg,https://unsplash.com/photos/OlXUUQedQyM
Food,Vegetables,ginger,ginger.jpg,https://unsplash.com/photos/1q4IIdEnIWA
Food,Vegetables,garlic,garlic.jpg,https://unsplash.com/photos/2yNBQFwZCA8
Food,Vegetables,sweet potatoes,sweet potatoes.jpg,https://unsplash.com/photos/BWJofVQyB4w
Food,Vegetables,yam,yam.jpg,https://unsplash.com/photos/_ZLgau5FTtw
Food,Vegetables,bell peppers,bell peppers.jpg,https://unsplash.com/photos/hosG6-qjRak
Food,Vegetables,green beans/string beans,green beans.jpg,https://pixabay.com/zh/photos/macro-retro-carob-green-beans-1807424/
Food,Vegetables,celery,celery.jpg,https://unsplash.com/photos/ZugQ-1NBaO0
Food,Vegetables,cilantro/coriander,cilantro.jpg,https://unsplash.com/photos/9rt6gV_IjhA
Health,A Pharmacy,fill/refill,fill.jpg,https://unsplash.com/photos/RiLzlQzwzik
Health,A Pharmacy,lotion,lotion.jpg,https://unsplash.com/photos/y_CSTKJ0bEs
Health,A Pharmacy,eye drops,eye drops.jpg,https://unsplash.com/photos/6F2mPewg2RA
Health,A Pharmacy,patient,patient.jpg,https://unsplash.com/photos/DjrtjX-obcE
Health,A Pharmacy,pharmacist,pharmacist.jpg,https://unsplash.com/photos/NNpo-liY5aU
Health,A Pharmacy,prescription,prescription.jpg,https://commons.wikimedia.org/wiki/File:Typical_Doctors_Prescription.jpg
Health,A Pharmacy,prescription medicine/prescription drug,prescription medicine.jpg,https://unsplash.com/photos/b9CaYHNfmho
Health,A Pharmacy,wheelchair,wheelchair.jpg,https://unsplash.com/photos/zBsdRTHIIm4
Health,A Pharmacy,pill,pill.jpg,https://unsplash.com/photos/jYhYhljoinU
Health,A Pharmacy,tablet,tablet.jpg,https://unsplash.com/photos/kkysaOcVE94
Health,A Pharmacy,capsule,capsule.jpg,https://unsplash.com/photos/WHSnkIwWpec
Health,A Pharmacy,vitamin,vitamin.jpg,https://www.flaticon.com/free-icon/vitamin-c_2927436
Health,A Pharmacy,ointment,ointment.jpg,jessie
Health,A Pharmacy,cream,cream.jpg,https://unsplash.com/photos/MpNXD5txHIc
Health,A Pharmacy,prescribe,prescribe.jpg,https://libreshot.com/doctor-writes-a-prescription/
Health,A Pharmacy,cane,cane.jpg,https://unsplash.com/photos/SoLZCj0W1Ss
Health,A Pharmacy,first aid kit,first aid kit.jpg,https://unsplash.com/photos/MaKsx8JNbiI
Health,A Pharmacy,vaccine/injection,vaccine.jpg,https://unsplash.com/photos/fi3zHLxWrYw
Health,A Pharmacy,crutches,crutches.jpg,https://unsplash.com/photos/rxV0_gPzX8I
Health,A Pharmacy,chlorophyll,chlorophyll.jpg,https://unsplash.com/photos/x7_bMZIXCOU
Health,Medical Care,pregnant,pregnant.jpg,https://unsplash.com/photos/adP0SsdMtMA
Health,Dentistry,dentist/dental office/dentistry/surgery,dentist.jpg,https://unsplash.com/photos/adP0SsdMtMA
Health,Dentistry,dental braces/get some braces,dental braces.jpg,https://unsplash.com/photos/AgWOhGmtWxU
Health,Dentistry,tooth decay,tooth decay.jpg,https://pixabay.com/zh/illustrations/dentist-icon-cavity-dental-tooth-913014/
Health,Dentistry,tooth extraction/tooth removal,tooth extraction.jpg,https://pixabay.com/zh/photos/tooth-dentist-molar-wisdom-tooth-3492645/
Health,Dentistry,orthodontics,orthodontics.jpg,https://unsplash.com/photos/V99Zl7RqihQ
Health,Dentistry,wisdom teeth,wisdom teeth.jpg,https://www.flaticon.com/premium-icon/wisdom-tooth_2441165
Health,Dentistry,dental cleaning,dental cleaning.jpg,https://unsplash.com/photos/vxGl2utBFRo
Health,Dentistry,incisor,incisor.jpg,https://pixabay.com/zh/illustrations/smiley-glasses-nerd-incisor-3862620/
Health,Dentistry,fillings,fillings.jpg,https://www.flaticon.com/free-icon/filling_5714975
Health,Dentistry,toothache,toothache.jpg,https://unsplash.com/photos/NKTJCOHzrUM
Health,Dentistry,gum/gum tissue,gum.jpg,https://www.flaticon.com/premium-icon/gingivitis_5594266
Health,Dentistry,loose tooth,loose tooth.jpg,https://www.flaticon.com/premium-icon/loose_3954410
Health,Dentistry,tartar/tooth calculus,tartar.jpg,https://pixabay.com/zh/illustrations/dental-calculus-teeth-tartar-white-3599734/
Health,Ophthalmology,myopia/short sight,myopia.jpg,https://pixabay.com/zh/vectors/eyeglasses-cartoons-black-glass-30168/
Health,Ophthalmology,optoemtry,optoemtry.jpg,https://pixabay.com/zh/vectors/doctor-eye-check-sight-medical-34903/
Health,Ophthalmology,retina section,retina section.jpg,https://unsplash.com/photos/ioYYWWX2fjk
Health,Ophthalmology,astigmatism,astigmatism.jpg,https://www.flaticon.com/free-icon/astigmatism_6435648
Health,Ophthalmology,cataract,cataract.jpg,https://www.flaticon.com/free-icon/cataract_2297157
Health,Ophthalmology,asthenopia,asthenopia.jpg,https://pixabay.com/zh/vectors/bloodshot-eyes-face-sleeplessness-1294920/
Health,Medical Care,bend your arm,bend your arm.jpg,https://unsplash.com/photos/1hZjJh-mGeA
Health,Medical Care,take a deep breath,take a deep breath.jpg,https://unsplash.com/photos/3TQ8I-sR9a8
Health,Medical Care,stick out your tongue,stick out your tongue.jpg,https://unsplash.com/photos/8MIHxf9nIiI
Health,Medical Care,roll up your sleeve,roll up your sleeve.jpg,https://pixabay.com/zh/vectors/angry-combat-fight-knife-resolute-1300491/
Health,Medical Care,splint,splint.jpg,https://unsplash.com/photos/CfdzNybONzc
Health,Medical Care,sling,sling.jpg,https://www.flaticon.com/free-icon/sling_2760560
Health,Medical Care,IV/intravenous line/intravenous,IV.jpg,https://unsplash.com/photos/6pcGTJDuf6M
Health,Medical Care,use a puffer/inhaler,use a puffer.jpg,https://pixabay.com/zh/photos/disease-cold-flu-the-medicine-4392146/
Health,Medical Care,broken bones/X-ray/break,broken bones.jpg,https://unsplash.com/photos/ouyjDk-KdfY
Health,Medical Care,get a needle,get a needle.jpg,https://unsplash.com/photos/r6u-fhltchE
Health,Medical Care,get some stitches,get some stitches.jpg,https://unsplash.com/photos/GjAj2aNKw7E
Health,Medical Care,get an ice pack,get an ice pack.jpg,https://pixabay.com/zh/photos/girl-ice-pack-toothache-dental-5661745/
Health,Medical Care,put on some cream,put on some cream.jpg,https://unsplash.com/photos/dFBhXJHKNeo
Health,Medical Care,put on some aloe vera,put on some aloe vera.jpg,https://unsplash.com/photos/EzCNMT9_paM
Health,Medical Care,put on a band aid/bandage,put on a band aid.jpg,https://unsplash.com/photos/SwWjCbIIoFE
Health,Medical Care,put on a cast/use crutches,put on a cast.jpg,https://unsplash.com/photos/5z8fGuV36UY
Health,Medical Care,drink cough syrup,drink cough syrup.jpg,https://pixabay.com/zh/photos/cough-syrup-medicine-spoon-2557629/
Health,Medical Care,acupuncture,acupuncture.jpg,https://unsplash.com/photos/QgcdtM9rA5s
Health,Medical Care,emergency/ambulance/urgent,emergency.jpg,https://unsplash.com/photos/vGu08RYjO-s
Health,Medical Care,get some rest,get some rest.jpg,https://unsplash.com/photos/6sNQftdA3Zs
Health,Symptoms and Injuries,a sliver,a sliver.jpg,https://pixabay.com/zh/illustrations/cactus-sting-thorns-plant-nature-1013665/
Health,Symptoms and Injuries,sting,sting.jpg,https://www.flaticon.com/free-icon/allergy_2038163
Health,Symptoms and Injuries,blister/herpes,blister.jpg,https://www.flaticon.com/free-icon/herpes_6836807
Health,Symptoms and Injuries,nosebleed,nosebleed.jpg,https://unsplash.com/photos/knMGR7FoVws
Health,Symptoms and Injuries,choke/can not breathe,choke.jpg,https://www.flaticon.com/premium-icon/choking_5991598
Health,Symptoms and Injuries,wart,wart.jpg,https://www.flaticon.com/premium-icon/wart_3411578
Health,Symptoms and Injuries,shortness of breath/breathing,shortness of breath.jpg,https://www.flaticon.com/premium-icon/breathing_2755834
Health,Symptoms and Injuries,scratch,scratch.jpg,https://pixabay.com/zh/photos/white-cat-kitten-beautiful-home-4557097/
Health,Symptoms and Injuries,runny nose,runny nose.jpg,https://www.flaticon.com/free-icon/runny-nose_2750701
Health,Symptoms and Injuries,gargle,gargle.jpg,https://www.flaticon.com/free-icon/mouthwash_6565829
Health,Symptoms and Injuries,faint/feel dizzy/dizziness,faint.jpg,https://www.flaticon.com/premium-icon/fainting_5730099
Health,Symptoms and Injuries,teeth are crooked,teeth are crooked.jpg,https://unsplash.com/photos/VC5lS43bwJo
Health,Symptoms and Injuries,swollen ankle/twist,swollen ankle.jpg,https://icons8.com/icons/set/swollen-ankle
Health,Symptoms and Injuries,earache/ear infection,earache.jpg,https://www.flickr.com/photos/30478819@N08/51184090571
Health,Symptoms and Injuries,tired/sleepy/drowsy/drowsiness,tired.jpg,https://unsplash.com/photos/dVuUM6JMtd4
Health,Symptoms and Injuries,stomachache/upset stomach,stomachache.jpg,https://pixabay.com/zh/photos/disease-the-medicine-health-4392164/
Health,Symptoms and Injuries,backache/sore back/stiff back,backache.jpg,https://pixabay.com/zh/illustrations/back-pain-pain-body-backache-5308969/
Health,Symptoms and Injuries,sore throat/laryngitis,sore throat.jpg,https://pixabay.com/zh/photos/disease-cold-flu-the-medicine-4392161/
Health,Symptoms and Injuries,high blood pressure,high blood pressure.jpg,https://unsplash.com/photos/LbUOh89q4Es
Health,Symptoms and Injuries,nasal congestion,nasal congestion.jpg,https://commons.wikimedia.org/wiki/File:Depiction_of_a_person_suffering_from_Nasal_Congestion.png
Health,Symptoms and Injuries,fever/temperature/flu/weak,fever.jpg,https://pixabay.com/zh/vectors/fever-sick-thermometer-woman-bed-310721/
Health,Symptoms and Injuries,chills/a cold,chills.jpg,https://pixabay.com/zh/photos/disease-cold-flu-the-medicine-4392136/
Health,Symptoms and Injuries,rash/allergy/allergic/itchy,rash.jpg,https://www.flickr.com/photos/75491103@N00/2271711501
Health,Symptoms and Injuries,cough/hay fever,cough.jpg,https://unsplash.com/photos/_S0XzuaZLas
Health,Symptoms and Injuries,sneeze,sneeze.jpg,https://pixabay.com/zh/photos/disease-cold-flu-the-medicine-4392137/
Health,Symptoms and Injuries,headache,headache.jpg,https://pixabay.com/zh/photos/disease-the-medicine-health-4392164/
Health,Symptoms and Injuries,feel nauseous,feel nauseous.jpg,https://pixabay.com/zh/illustrations/emotiguy-sad-thoughtful-face-1654864/
Health,Symptoms and Injuries,throw up/vomit,throw up.jpg,https://pixabay.com/zh/illustrations/nausea-smiley-kotzender-vomiting-1876470/
Health,Symptoms and Injuries,stiff neck/neck ache,stiff neck.jpg,https://pixabay.com/zh/photos/disease-the-medicine-health-4392172/
Health,Symptoms and Injuries,cramp,cramp.jpg,https://pixabay.com/zh/photos/boo-swindon-town-football-pain-2399974/
Health,Symptoms and Injuries,exhausted,exhausted.jpg,https://unsplash.com/photos/PYphlXS0gbo
Health,Symptoms and Injuries,bruise,bruise.jpg,https://unsplash.com/photos/hs6XhCjBMz0
Health,Symptoms and Injuries,sprain/a sprained ankle/ankle sprain,sprain.jpg,https://www.flaticon.com/free-icon/injury_1248709
Health,Symptoms and Injuries,scrape,scrape.jpg,https://pixabay.com/zh/photos/injury-arm-injured-hurt-man-elbow-199025/
Health,Symptoms and Injuries,diarrhea,diarrhea.jpg,https://commons.wikimedia.org/wiki/File:Depiction_of_a_person_suffering_from_Diarrhea.png
Health,Symptoms and Injuries,callous,callous.jpg,https://unsplash.com/photos/OUULalUWP3o
Health,Symptoms and Injuries,medicines/drug,medicines.jpg,https://unsplash.com/photos/FEPfs43yiPE
Health,Symptoms and Injuries,treat sick people,treat sick people.jpg,https://unsplash.com/photos/IFKv3LESkVg
Health,Symptoms and Injuries,pharmacy/drugstore,pharmacy.jpg,https://unsplash.com/photos/747NDboAWNY
Health,Symptoms and Injuries,wrist pain/a sore wrist,wrist pain.jpg,https://pixabay.com/zh/photos/disease-the-medicine-health-4392170/
Health,Symptoms and Injuries,bite,bite.jpg,https://pixabay.com/zh/photos/mosquito-insect-mosquito-bite-49141/
Health,Symptoms and Injuries,chest pains/heart attack/heartburn,chest pains.jpg,https://pixabay.com/zh/photos/man-heartache-chest-pain-hurt-pain-1846050/
Health,Symptoms and Injuries,an injured hand,an injured hand.jpg,https://pixabay.com/zh/vectors/bandage-hand-bandaged-tape-first-37364/
Health,Symptoms and Injuries,virus,virus.jpg,https://unsplash.com/photos/k0KRNtqcjfw
Health,Symptoms and Injuries,accident,accident.jpg,https://unsplash.com/photos/ipHlSSaC3vk
Health,Symptoms and Injuries,asthma,asthma.jpg,https://www.flaticon.com/premium-icon/asthma_3954104
Health,Symptoms and Injuries,dehydrat,dehydrat.jpg,https://unsplash.com/photos/iWj1UICQKUc
Health,Symptoms and Injuries,dog bite,dog bite.jpg,https://unsplash.com/photos/PE69hOLm8H4
Health,Symptoms and Injuries,decongestant,decongestant.jpg,https://www.flaticon.com/premium-icon/decongestants_2265381
Health,Symptoms and Injuries,dislocated,dislocated.jpg,https://www.flaticon.com/premium-icon/collarbone_6045701
Health,Symptoms and Injuries,burp/hiccup,burp.jpg,https://www.flaticon.com/free-icon/burp_5238336
Health,Symptoms and Injuries,cavity,cavity.jpg,https://pixabay.com/zh/illustrations/dentist-icon-cavity-dental-tooth-913014/
Health,Symptoms and Injuries,sunburn,sunburn.jpg,https://unsplash.com/photos/W_dZ-EF70e4
Health,Symptoms and Injuries,skeleton,skeleton.jpg,https://unsplash.com/photos/8rj4sz9YLCI
Health,Symptoms and Injuries,spinal cord,spinal cord.jpg,https://unsplash.com/photos/1eL99eGXp0g
Health,Symptoms and Injuries,hair falls out,hair falls out.jpg,https://pixabay.com/zh/photos/problem-hair-comb-brush-lost-5146272/
Health,The Body,curled up,curled up.jpg,https://unsplash.com/photos/QV8xurqnXTs
Health,The Body,lie back,lie back.jpg,https://unsplash.com/photos/9c2M47kYkQ0
Health,The Body,fist/make a fist,fist.jpg,https://unsplash.com/photos/b9wsEM40Cv0
Health,The Body,knuckles,knuckles.jpg,https://unsplash.com/photos/iLDmNZJ_cxQ
Health,The Body,jaw,jaw.jpg,https://unsplash.com/photos/Cdw0oTj90_8
Health,The Body,blink,blink.jpg,https://unsplash.com/photos/3UeSNUlDKKY
Health,The Body,wink,wink.jpg,https://unsplash.com/photos/G2fG3M_EP4Y
Health,The Body,hip,hip.jpg,https://unsplash.com/photos/EyxoNGO6-Ks
Health,The Body,finger,finger.jpg,https://unsplash.com/photos/ukDEbYnyDsU
Health,The Body,chin,chin.jpg,https://unsplash.com/photos/NCDE-45v35Q
Health,The Body,head,head.jpg,https://unsplash.com/photos/bhoj9tHlsiY
Health,The Body,thumb,thumb.jpg,https://unsplash.com/photos/uYmF6ncEgLY
Health,The Body,forehead,forehead.jpg,https://unsplash.com/photos/m7U6Zk-wU4M
Health,The Body,neck,neck.jpg,https://unsplash.com/photos/gUPznplBsLI
Health,The Body,chest,chest.jpg,https://unsplash.com/photos/uytHnZAKNWQ
Health,The Body,back,back.jpg,https://unsplash.com/photos/MThIIpW8rpU
Health,The Body,nose,nose.jpg,https://unsplash.com/photos/jgLvmlyXelc
Health,The Body,mouth/lips,mouth.jpg,https://unsplash.com/photos/x7Xn9yMyf30
Health,The Body,foot/feet/toe,foot.jpg,https://unsplash.com/photos/jyyNiSEcCl4
Health,The Body,leg/knee,leg.jpg,https://unsplash.com/photos/CvYZwRRifzo
Health,The Body,eyebrow,eyebrow.jpg,https://unsplash.com/photos/t809JJ6r9KA
Health,The Body,eye,eye.jpg,https://unsplash.com/photos/iXspFCVXoaw
Health,The Body,ear,ear.jpg,https://unsplash.com/photos/WaMMo0it6Vg
Health,The Body,shoulder,shoulder.jpg,https://unsplash.com/photos/5TcVAZmmxpY
Health,The Body,arm,arm.jpg,https://unsplash.com/photos/5W2WbZhc2oY
Health,The Body,elbow,elbow.jpg,https://unsplash.com/photos/5W2WbZhc2oY
Health,The Body,hand,hand.jpg,https://unsplash.com/photos/7OeiQTVXvnQ
Health,The Body,ponytail,ponytail.jpg,https://unsplash.com/photos/GecWh_zEHPI
Health,The Body,dimple,dimple.jpg,https://unsplash.com/photos/ELtPwu3KuBw
Health,The Body,bald,bald.jpg,https://unsplash.com/photos/ttCxuHlS03M
Health,The Body,freckle,freckle.jpg,https://unsplash.com/photos/-6lGrOUTQBw
Health,The Body,straight hair,straight hair.jpg,https://unsplash.com/photos/-6lGrOUTQBw
Health,The Body,brain,brain.jpg,https://unsplash.com/photos/58Z17lnVS4U
Health,The Body,wrist,wrist.jpg,https://unsplash.com/photos/cJd0I67ZQK4
Health,The Body,bum/butt/buttock,bum.jpg,https://unsplash.com/photos/dGeJNL7Pl6o
Health,The Body,tongue,tongue.jpg,https://unsplash.com/photos/2BalskDOoLg
Health,The Body,ankle,ankle.jpg,https://unsplash.com/photos/mhJds2UrLH8
Health,The Body,thin/slim,thin.jpg,https://unsplash.com/photos/-6lGrOUTQBw
Health,The Body,fat/overweight/heavy,fat.jpg,https://unsplash.com/photos/-6lGrOUTQBw
Health,The Body,average build,average build.jpg,https://unsplash.com/photos/rga1zrpJd8o
Health,The Body,vein,vein.jpg,https://www.flaticon.com/premium-icon/veins_3817935
Health,The Body,artery,artery.jpg,https://www.flaticon.com/premium-icon/artery_3816798
Health,The Body,thighs,thighs.jpg,https://unsplash.com/photos/ZUxdy0-FoYg
Health,The Body,muscular/muscle,muscular.jpg,https://unsplash.com/photos/22L7do1cOho
Health,The Body,chubby,chubby.jpg,https://unsplash.com/photos/gX-bQbm37ZI
Health,The Body,mustache,mustache.jpg,https://unsplash.com/photos/LnUwl4-HnAs
Health,The Body,beard,beard.jpg,https://unsplash.com/photos/pV6BUQRWJ6w
Health,The Body,goatee,goatee.jpg,https://unsplash.com/photos/IXlnSE8Bw88
Health,The Body,sideburns,sideburns.jpg,https://www.pexels.com/zh-cn/photo/9924707/
Health,The Body,clean shaven,clean shaven.jpg,https://unsplash.com/photos/WzWScssFGJU
Health,The Body,shoulder length hair,shoulder length hair.jpg,https://unsplash.com/photos/BOe88yWgOYU
Health,The Body,curly hair,curly hair.jpg,https://unsplash.com/photos/BOe88yWgOYU
Health,The Body,wavy hair,wavy hair.jpg,https://unsplash.com/photos/BOe88yWgOYU
Health,The Body,braids,braids.jpg,https://unsplash.com/photos/lQDwFkhSJrg
Health,The Body,waist,waist.jpg,https://unsplash.com/photos/suGrHEOM0sA
Health,The Body,bun,bun.jpg,https://unsplash.com/photos/B0otDlNg0fY
Health,The Body,wrinkles,wrinkles.jpg,https://unsplash.com/photos/NlHGKAZ3jCI
Health,The Body,pimples,pimples.jpg,https://www.pexels.com/zh-cn/photo/6476081/
Health,The Body,mole,mole.jpg,https://www.pexels.com/zh-cn/photo/6567934/
Health,The Body,scar,scar.jpg,https://www.pexels.com/zh-cn/photo/3115523/
Health,The Body,stomach,stomach.jpg,https://pixabay.com/zh/vectors/stomach-icon-stomach-icon-gut-2316627/
Health,The Body,cheek,cheek.jpg,https://unsplash.com/photos/fhgHBH_GcH8
Health,The Body,calf,calf.jpg,https://unsplash.com/photos/uJfqMbcrfNM
Health,The Body,tear,tear.jpg,https://pixabay.com/zh/vectors/cry-eye-crying-depression-sad-6681054/
People,Adults and Children,young/teenager/teen,young.jpg,https://unsplash.com/photos/MMrkoReI4d8
People,Adults and Children,old/elderly,old.jpg,https://unsplash.com/photos/cKT0oJL9vMI
People,Adults and Children,middle age/female,middle age.jpg,
People,Adults and Children,toddler,toddler.jpg,https://unsplash.com/photos/Br-ayoAxFuQ
People,Adults and Children,male,male.jpg,https://unsplash.com/photos/h5cd51KXmRQ
People,Adults and Children,pregnant,pregnant.jpg,https://unsplash.com/photos/son4VHt4Ld0
People,Adults and Children,infant,infant.jpg,https://unsplash.com/photos/0hiUWSi7jvs
Plants and Animals,Mammals,Raccoon,Raccoon.jpg,https://unsplash.com/photos/lLNyzqcfcyc
Plants and Animals,Mammals,moose,moose.jpg,https://unsplash.com/photos/Du8sGaNHVMc
Plants and Animals,Mammals,wolf,wolf.jpg,https://unsplash.com/photos/dtfyRuKG7UY
Plants and Animals,Mammals,beaver,beaver.jpg,https://unsplash.com/photos/mhXop68UAGk
Plants and Animals,Mammals,deer,deer.jpg,https://unsplash.com/photos/favQn8WgRyk
Plants and Animals,Mammals,buffalo/bison,buffalo.jpg,https://unsplash.com/photos/Rr24aBqhq9k
Plants and Animals,Mammals,armadillo,armadillo.jpg,https://unsplash.com/photos/vCvLfnvUGJw
Plants and Animals,Mammals,skunk,skunk.jpg,https://unsplash.com/photos/Tm-EWw4403w
Plants and Animals,Mammals,groundhog/rodent,groundhog.jpg,https://pixabay.com/zh/photos/groundhog-animal-cute-nature-4688628/
Plants and Animals,Nature Center,plants,plants.jpg,https://unsplash.com/photos/S7viz8JWxwY
Plants and Animals,Nature Center,soil,soil.jpg,https://unsplash.com/photos/jin4W1HqgL4
Plants and Animals,Nature Center,rock,rock.jpg,https://unsplash.com/photos/ctWw2S9VqOI
Plants and Animals,Nature Center,flowers,flowers.jpg,https://unsplash.com/photos/pGr7g4l8EOI
Plants and Animals,Nature Center,mammals,mammals.jpg,https://pixabay.com/zh/photos/piglet-litter-pig-young-animal-1639587/
Plants and Animals,Nature Center,insects,insects.jpg,https://unsplash.com/photos/1P_rsdwdx0c
Plants and Animals,Nature Center,nest,nest.jpg,https://unsplash.com/photos/_UQgnpzyVo0
Plants and Animals,Nature Center,pine,pine.jpg,https://unsplash.com/photos/JQzNAoy9fTA
Plants and Animals,Nature Center,scent,scent.jpg,https://unsplash.com/photos/t0ZfzT8FopE
Plants and Animals,Nature Center,river,river.jpg,https://unsplash.com/photos/HtUBBdNDxpQ
Plants and Animals,Nature Center,dragonfly,dragonfly.jpg,https://unsplash.com/photos/-6lGrOUTQBw
Plants and Animals,Nature Center,butterfly,butterfly.jpg,https://unsplash.com/photos/-6lGrOUTQBw
Plants and Animals,Nature Center,grasshopper,grasshopper.jpg,https://unsplash.com/photos/Kt1jIAdkwa0
Plants and Animals,Nature Center,an ear of corn,an ear of corn.jpg,https://unsplash.com/photos/1G7PGolEJUk
Plants and Animals,Nature Center,stump,stump.jpg,https://unsplash.com/photos/8z3M2Z4rESg
Plants and Animals,Nature Center,burrow,burrow.jpg,https://pixabay.com/zh/photos/hollow-burrow-hole-passage-shelter-802722/
Recreation,Individual Sports,marathon,marathon.jpg,https://unsplash.com/photos/QDv-uBc-poY
Recreation,Individual Sports,hike/exploring/hiking,hike.jpg,https://unsplash.com/photos/7MrXw_o7Eo4
Recreation,Individual Sports,snooker/billiards/pool,snooker.jpg,https://pixabay.com/zh/photos/snooker-balls-billiards-pool-game-4516624/
Recreation,Individual Sports,archery,archery.jpg,https://unsplash.com/photos/jY9mXvA15W0
Recreation,Individual Sports,badminton,badminton.jpg,https://unsplash.com/photos/rjWfNR_AC5g
Recreation,Individual Sports,fencing,fencing.jpg,https://unsplash.com/photos/YGgKE6aHaUw
Recreation,Individual Sports,foil fencing,foil fencing.jpg,https://en.wikipedia.org/wiki/Fencing
Recreation,Individual Sports,sabre fencing,sabre fencing.jpg,https://en.wikipedia.org/wiki/Fencing
Recreation,Individual Sports,épée fencing,epee fencing.jpg,https://en.wikipedia.org/wiki/Fencing
Recreation,Individual Sports,skateboarding,skateboarding.jpg,https://unsplash.com/photos/OS2WODdxy1A
Recreation,Individual Sports,racqueball,racqueball.jpg,https://pixabay.com/zh/photos/racquetball-sports-exercise-man-89823/
Recreation,Individual Sports,tennis,tennis.jpg,https://unsplash.com/photos/6D2Lmtv_X8A
Recreation,Individual Sports,table tennis,table tennis.jpg,https://unsplash.com/photos/ITFi--ljkKU
Recreation,Individual Sports,mountain climbing,mountain climbing.jpg,https://unsplash.com/photos/FZ0qzjVF_-c
Recreation,Places to Go,Eifell tower,Eifell tower.jpg,https://unsplash.com/photos/NT1mJPgni6A
Recreation,Places to Go,the palace of westminster/houses of parliament/Big Ben,the palace of westminster.jpg,https://unsplash.com/photos/iXqTqC-f6jI
Recreation,Places to Go,london eye/millennium wheel,london eye.jpg,https://unsplash.com/photos/zuizaVFvWpc
Recreation,Places to Go,read brochure,read brochure.jpg,https://unsplash.com/photos/RX_0vwSPiWs
Recreation,Places to Go,buy souvenirs,buy souvenirs.jpg,https://unsplash.com/photos/Ksq5LwpPslg
Recreation,Places to Go,classical concert,classical concert.jpg,https://unsplash.com/photos/p60mNTW5glI
Recreation,Places to Go,opera,opera.jpg,https://unsplash.com/photos/TwP4GjKC_3w
Recreation,Places to Go,art museum/visit an art gallery,art museum.jpg,https://unsplash.com/photos/3GZlhROZIQg
Recreation,Places to Go,aquarium,aquarium.jpg,https://unsplash.com/photos/OYvjvIANSD0
Recreation,Places to Go,rock concert,rock concert.jpg,https://unsplash.com/photos/HvWWo_dyFJQ
Recreation,Places to Go,zoo,zoo.jpg,https://unsplash.com/photos/T8sYhSINRyU
Recreation,Places to Go,safari,safari.jpg,https://unsplash.com/photos/nf7W_hn6DKQ
Recreation,Places to Go,country,country.jpg,https://unsplash.com/photos/XemjjFd_4qE
Recreation,Places to Go,cruise ship/cruise vessel,cruise ship.jpg,https://unsplash.com/photos/xEJoSsDCnR8
Recreation,Places to Go,performing kareoke,performing kareoke.jpg,https://pixabay.com/zh/photos/girl-holding-karaoke-mic-15754/
Recreation,Places to Go,parachuting/sky diving,parachuting.jpg,https://unsplash.com/photos/OSfCunpfKsE
Recreation,Places to Go,playing beach volleyball,playing beach volleyball.jpg,https://unsplash.com/photos/Q8CYby1UFDo
Recreation,Places to Go,hang gliding,hang gliding.jpg,https://unsplash.com/photos/eSI_a6QqL-s
Recreation,Places to Go,horseback riding,horseback riding.jpg,https://unsplash.com/photos/qLCGZ8_Dn7c
Recreation,Places to Go,attending theater performances,attending theater performances.jpg,https://pixabay.com/zh/photos/barber-seville-opera-performance-895147/
Recreation,Places to Go,bunjee jumping,bunjee jumping.jpg,https://pixabay.com/zh/photos/sports-bungee-bungee-jumping-jump-217238/
Recreation,Places to Go,visiting botanical gardens,visiting botanical gardens.jpg,https://unsplash.com/photos/ytbutCrqptA
Recreation,Places to Go,practicing archery,practicing archery.jpg,https://unsplash.com/photos/t3IYuQZRDNE
Recreation,Places to Go,parasailing,parasailing.jpg,https://unsplash.com/photos/GFORPUwDshI
Recreation,Places to Go,beachcombing,beachcombing.jpg,https://unsplash.com/photos/UfOaPYVbCFw
Recreation,Places to Go,visiting historical sites,visiting historical sites.jpg,https://unsplash.com/photos/RDFW_90ppvs
Recreation,Places to Go,walking on the beach/a tropical beach vacation,walking on the beach.jpg,https://unsplash.com/photos/6_pFPo2YM9c
Recreation,Places to Go,fine dining,fine dining.jpg,https://unsplash.com/photos/gVvSNWuw6kQ
Recreation,Places to Go,casinos,casinos.jpg,https://unsplash.com/photos/vBWsG91aR_U
Recreation,Places to Go,fireworks,fireworks.jpg,https://unsplash.com/photos/4F4B8ohLMX0
Recreation,Places to Go,picnic,picnic.jpg,https://unsplash.com/photos/1RWOsCxqe0k
Recreation,Places to Go,Grand Canyon/wilderness,Grand Canyon.jpg,https://unsplash.com/photos/ZZnH4GOzDgc
Recreation,Places to Go,go sightseeing/take photographs,go sightseeing.jpg,https://unsplash.com/photos/BoBmrZ8epMA
Recreation,Places to Go,amusement park/theme park,amusement park.jpg,https://unsplash.com/photos/g3CR0UJ1CyM
Recreation,Places to Go,high tea,high tea.jpg,https://unsplash.com/photos/G3ElLWatpwI
Recreation,Places to Go,a road trip,a road trip.jpg,https://unsplash.com/photos/bFTVxTo266E
Recreation,Places to Go,camping/camp fire,camping.jpg,https://unsplash.com/photos/1azAjl8FTnU
Recreation,Winter and Water Sports,downhill skiing,downhill skiing.jpg,https://unsplash.com/photos/VXiG4N229uY
Recreation,Winter and Water Sports,snowboarding,snowboarding.jpg,https://unsplash.com/photos/VBLJ-zQmlSM
Recreation,Winter and Water Sports,cross-country skiing,cross-country skiing.jpg,https://unsplash.com/photos/PcVqr8v4XaA
Recreation,Winter and Water Sports,ice skating,ice skating.jpg,https://unsplash.com/photos/mNLTL_8IU3g
Recreation,Winter and Water Sports,figure skating,figure skating.jpg,https://unsplash.com/photos/aEH0lGHMgDs
Recreation,Winter and Water Sports,sledding/tobogganing,sledding.jpg,https://unsplash.com/photos/w-hKT1_Ba1I
Recreation,Winter and Water Sports,tubing,tubing.jpg,https://pixabay.com/zh/photos/snow-tubing-sled-sledding-snow-93024/
Recreation,Winter and Water Sports,waterskiing,waterskiing.jpg,https://unsplash.com/photos/a6f968XpMRo
Recreation,Winter and Water Sports,sailing,sailing.jpg,https://unsplash.com/photos/hXPG0Bk6JiM
Recreation,Winter and Water Sports,surfing,surfing.jpg,https://unsplash.com/photos/_CFv3bntQlQ
Recreation,Winter and Water Sports,windsurfing,windsurfing.jpg,https://unsplash.com/photos/9gPiru4XC-8
Recreation,Winter and Water Sports,snorkeling,snorkeling.jpg,https://unsplash.com/photos/DZtrCR-vtE0
Recreation,Winter and Water Sports,scuba diving,scuba diving.jpg,https://unsplash.com/photos/AY1UVjZCI4Q
Recreation,Winter and Water Sports,skidoo/jet skiing,skidoo.jpg,https://unsplash.com/photos/TBRVu6ScH6c
Recreation,Winter and Water Sports,seadoo,seadoo.jpg,https://unsplash.com/photos/ynRImHi8LnY
Recreation,Winter and Water Sports,kayak,kayak.jpg,https://unsplash.com/photos/zK049OFP4uI
Recreation,Winter and Water Sports,canoe,canoe.jpg,https://unsplash.com/photos/koQ5FXyakWA
Recreation,Winter and Water Sports,surfboard,surfboard.jpg,https://unsplash.com/photos/4rvc6HWITpY
Transportation,Basic Transportation,a ticket booth,a ticket booth.jpg,https://unsplash.com/photos/2z8TwLsoei4
Transportation,Basic Transportation,tickets,tickets.jpg,https://unsplash.com/photos/cy7OZAJJ6vU
Transportation,Basic Transportation,departures,departures.jpg,https://unsplash.com/photos/j_12oQL6i-U
Transportation,Basic Transportation,arrivals,arrivals.jpg,https://unsplash.com/photos/oLRc49-qjpY
Transportation,Basic Transportation,an information desk,an information desk.jpg,https://unsplash.com/photos/iOBTE2xsYko
Transportation,Basic Transportation,backpack,backpack.jpg,https://unsplash.com/photos/_H0fjILH5Vw
Transportation,Basic Transportation,a luggage/a suitcase,a luggage.jpg,https://unsplash.com/photos/q-4fbq8pUO4
Transportation,Basic Transportation,ride a bicycle/ride a bike,ride a bicycle.jpg,https://unsplash.com/photos/TsB03tz5030
Transportation,Basic Transportation,take the bus,take the bus.jpg,https://unsplash.com/photos/jtpcrnqP2Mc
Transportation,Basic Transportation,bus stop,bus stop.jpg,https://unsplash.com/photos/Kg_B2LMPTLs
Transportation,Basic Transportation,subway station,subway station.jpg,https://unsplash.com/photos/h43nNjuz_As
Transportation,Basic Transportation,subway,subway.jpg,https://unsplash.com/photos/B2sNfHkjagM
Transportation,Basic Transportation,airport lounge/a waiting area,airport lounge.jpg,https://unsplash.com/photos/yAV-5jb1pyA
Transportation,Basic Transportation,airport runway,airport runway.jpg,https://unsplash.com/photos/gxvYZk4Fwjk
Transportation,Basic Transportation,airport terminal,airport terminal.jpg,https://unsplash.com/photos/DpwWav9DhKk
Transportation,Basic Transportation,plane/airplane,plane.jpg,https://unsplash.com/photos/8KLLgqHMAv4
Transportation,Basic Transportation,drive the truck/pickup truck,drive the truck.jpg,https://unsplash.com/photos/YscocmXUTUM
Transportation,Basic Transportation,motorcycle/motobike,motorcycle.jpg,https://unsplash.com/photos/-5rcxih1e44
Transportation,Basic Transportation,yacht,yacht.jpg,https://unsplash.com/photos/Zexjl0v3MRU
Transportation,Basic Transportation,train/train station,train.jpg,https://unsplash.com/photos/PHyF2mCMei0
Transportation,Basic Transportation,itinerary,itinerary.jpg,https://unsplash.com/photos/CMoxzoMsUfE
Transportation,Basic Transportation,a passenger,a passenger.jpg,https://unsplash.com/photos/EWmXFK7yT7Q
Transportation,Basic Transportation,helicopter/chopper,helicopter.jpg,https://unsplash.com/photos/BibxoLzkbg4
Undefined,New this week,striped,striped.jpg,https://unsplash.com/photos/GtPrK_jsNeY
Undefined,New this week,checked/checker pattern,checked.jpg,https://unsplash.com/photos/tTM1K94ZzhE
Undefined,New this week,plaid,plaid.jpg,https://unsplash.com/photos/DklaS1faCkI
Undefined,New this week,crumple,crumple.jpg,https://unsplash.com/photos/GmNTYBH9DUE
Undefined,New this week,rip,rip.jpg,https://icons8.com/icon/edNuEixfO4p2/tearing-skin-type-4
Undefined,New this week,tear down,tear down.jpg,https://unsplash.com/photos/E6KM98Q_d4o
Undefined,New this week,camouflage,camouflage.jpg,https://unsplash.com/photos/Lxvdzefuqhs
Undefined,New this week,puffy cloud,puffy cloud.jpg,https://unsplash.com/photos/LhXrNC2dn6g
Undefined,New this week,beat making,beat making.jpg,https://unsplash.com/s/photos/beat-making
Undefined,New this week,prediction/foretelling/forecasting/prognostication/superstitious,prediction.jpg,https://unsplash.com/photos/D3SzBCAeMhQ
Undefined,New this week,held high,held high.jpg,https://pixabay.com/zh/photos/sports-fitness-training-athletic-2264824/
Undefined,New this week,shadow,shadow.jpg,https://unsplash.com/photos/pirWeToS2mA
Undefined,New this week,fed up with/to be frustrated with/no more patience/the blues/feeling of sadness or depression,fed up with.jpg,https://unsplash.com/photos/_sh9vkVbVgo
Undefined,New this week,peek/to become visible/emerge,peek.jpg,https://unsplash.com/photos/-J8m0X_A1a8
Undefined,New this week,crossed fingers/wish for luck,crossed fingers.jpg,https://unsplash.com/photos/xdx5hIHGt4A
Undefined,New this week,silent/quiet,silent.jpg,https://unsplash.com/photos/BcjdbyKWquw
Undefined,New this week,sentences,sentences.jpg,https://unsplash.com/photos/Fd5B3nn3TpM
Undefined,New this week,jewelry,jewelry.jpg,https://unsplash.com/photos/202NAwjisYA
Undefined,New this week,advantage/like,advantage.jpg,https://icons8.com/icon/IV8MNL7fV75i/avatar
Undefined,New this week,disadvantage/dislike,disadvantage.jpg,https://icons8.com/icon/aMdp50QngdTx/avatar
Undefined,New this week,till/moneybox/cash register,till.jpg,https://unsplash.com/photos/nPQHFyVfkXY
Undefined,New this week,purse,purse.jpg,https://unsplash.com/photos/zS-ZPE5FS5c
Undefined,New this week,purchase,purchase.jpg,https://unsplash.com/photos/_3Q3tsJ01nc
Undefined,New this week,annual ring,annual ring.jpg,https://unsplash.com/photos/XzMoJbV8el8
Undefined,New this week,opinion,opinion.jpg,https://pixabay.com/zh/illustrations/feedback-group-communication-2044700/
Undefined,New this week,caribou,caribou.jpg,https://unsplash.com/photos/9lau4mL-FAE
Undefined,New this week,monorail,monorail.jpg,https://pixabay.com/zh/photos/monorail-tram-transport-railway-1636401/
Undefined,New this week,cheer/cheerful,cheer.jpg,https://unsplash.com/photos/oTweoxMKdkA
Undefined,New this week,Cupid/valentine's day/romance/archer,Cupid.jpg,https://unsplash.com/photos/iUXUi14vX_I
Undefined,New this week,gestures,gestures.jpg,https://unsplash.com/photos/Pw5uvsFcGF4
Undefined,New this week,doves,doves.jpg,https://unsplash.com/photos/6XcziMmkNgQ
Undefined,New this week,whisper,whisper.jpg,https://unsplash.com/photos/JrrWC7Qcmhs
Undefined,New this week,saint,saint.jpg,https://unsplash.com/photos/GPQXXN4xaac
Undefined,New this week,hug,hug.jpg,https://unsplash.com/photos/zDFbPJBmzuM
Undefined,New this week,jackpot,jackpot.jpg,https://pixabay.com/zh/photos/man-money-tablet-bet-success-win-5574872/
Undefined,New this week,grand/thousand,grand.jpg,https://icons8.com/icons/set/1000
Undefined,New this week,engagement ring,engagement ring.jpg,https://unsplash.com/photos/f3gcUmrR4eQ
Undefined,New this week,electronics store,electronics store.jpg,https://unsplash.com/photos/5W3JkWpA_wU
Undefined,New this week,church,church.jpg,https://unsplash.com/photos/5c5VcFshOds
Undefined,New this week,yoga,yoga.jpg,https://unsplash.com/photos/wmZNEGkcsmw
Undefined,New this week,bullying/bullied/bully/victim/target,bullying.jpg,https://pixabay.com/zh/illustrations/bully-bullying-boys-624747/
Undefined,New this week,stand up for/support/defense,stand up for.jpg,https://unsplash.com/photos/2P6Q7_uiDr0
Undefined,New this week,ladder,ladder.jpg,https://unsplash.com/photos/BFO8xXD__gM
Undefined,New this week,shed fur,shed fur.jpg,https://unsplash.com/photos/Da6O5ujM6Fk
Undefined,New this week,claws,claws.jpg,https://unsplash.com/photos/9iFSiYzPduU
Undefined,New this week,noise,noise.jpg,https://unsplash.com/photos/uAm_c9heHxo
Undefined,New this week,shamrock,shamrock.jpg,https://unsplash.com/photos/Fk0v7XcIAWw
Undefined,New this week,parade/festival,parade.jpg,https://unsplash.com/photos/YavHUvSfOQw
Undefined,New this week,harp,harp.jpg,https://unsplash.com/photos/1J9dYe4wkEI
Undefined,New this week,a well,a well.jpg,https://pixabay.com/zh/photos/fountain-old-stone-wall-wall-round-788430/
Undefined,Undefined,hibernate,hibernate.jpg,https://unsplash.com/photos/WxmZT3sIe4g
Undefined,Undefined,garbage,garbage.jpg,https://unsplash.com/photos/DR2jtLy8Fe4
Undefined,Undefined,rummage,rummage.jpg,https://unsplash.com/photos/9Y1PYmvutb0
Undefined,Undefined,predator,predator.jpg,https://unsplash.com/photos/OjE4RtaibFc
Undefined,Undefined,catch,catch.jpg,https://unsplash.com/photos/2VH0ymGTpCI
Undefined,Undefined,apart,apart.jpg,https://pixabay.com/zh/illustrations/breakup-divorce-separation-couple-3869065/
Undefined,Undefined,together,together.jpg,https://unsplash.com/photos/Y5bvRlcCx8k
Undefined,Undefined,pleasant,pleasant.jpg,https://pixabay.com/zh/photos/people-jumping-happiness-happy-fun-821624/
Undefined,Undefined,criminal justice,criminal justice.jpg,https://unsplash.com/photos/lb7q0iLOaSE
Undefined,Undefined,reach end,reach end.jpg,https://pixabay.com/zh/photos/swimming-swimmer-pool-race-79593/
Undefined,Undefined,volunteer,volunteer.jpg,https://unsplash.com/photos/bWAArZ5M4Ag
Undefined,Undefined,vocational courses,vocational courses.jpg,https://unsplash.com/photos/k9Dc5zT1Gq0
Undefined,Undefined,clothes,clothes.jpg,https://unsplash.com/photos/TS--uNw-JqE
Undefined,Undefined,haircut,haircut.jpg,https://unsplash.com/photos/sS3qRFsKZlg
Undefined,Undefined,damage,damage.jpg,https://unsplash.com/photos/AuPRHJe8Mhs
Undefined,Undefined,nowhere to shelter,nowhere to shelter.jpg,https://pixabay.com/zh/photos/question-mark-knowledge-question-3255136/
Undefined,Undefined,get wet,get wet.jpg,https://unsplash.com/photos/FtZL0r4DZYk
Undefined,Undefined,unexpected,unexpected.jpg,https://pixabay.com/zh/photos/mistake-spill-slip-up-accident-876597/
Undefined,Undefined,prize/trophy,prize.jpg,https://unsplash.com/photos/HkN64BISuQA
Undefined,Undefined,journey/tourist,journey.jpg,https://unsplash.com/photos/_g1WdcKcV3w
Undefined,Undefined,thirsty,thirsty.jpg,https://unsplash.com/photos/c01oPaDbxWw
Undefined,Undefined,cut grass,cut grass.jpg,https://unsplash.com/photos/8vBpYpTGo90
Undefined,Undefined,explode,explode.jpg,https://unsplash.com/photos/-lLWCvEoFJM
Undefined,Undefined,boring/boredom,boring.jpg,https://unsplash.com/photos/XLRivrl9mNI
Undefined,Undefined,bit messy,bit messy.jpg,https://unsplash.com/photos/BL_f4gQ0TXI
Undefined,Undefined,blouse,blouse.jpg,https://unsplash.com/photos/LLHs1CN-5UU
Undefined,Undefined,laundry,laundry.jpg,https://unsplash.com/photos/lgrM1t4rxWQ
Undefined,Undefined,mad,mad.jpg,https://unsplash.com/photos/_LZbDkRaedE
Undefined,Undefined,decorate,decorate.jpg,https://unsplash.com/photos/CTukx4jfWac
Undefined,Undefined,give a presentation,give a presentation.jpg,https://unsplash.com/photos/K_VeavYEfdA
Undefined,Undefined,drill,drill.jpg,https://pixabay.com/zh/photos/heavy-water-factory-1053775/
Undefined,Undefined,encyclopedia,encyclopedia.jpg,https://unsplash.com/photos/MixRWeKSICI
Undefined,Undefined,material,material.jpg,https://unsplash.com/photos/NDpi0gdUe5I
Undefined,Undefined,journal,journal.jpg,https://unsplash.com/photos/tcyW6Im5Uug
Undefined,Undefined,journalist,journalist.jpg,https://unsplash.com/photos/56XYfmP-NGs
Undefined,Undefined,tasty food/delicious,tasty food.jpg,https://unsplash.com/photos/mVZ_gjm_TOk
Undefined,Undefined,gift certificate,gift certificate.jpg,https://unsplash.com/photos/90NNkvqBdtE
Undefined,Undefined,flat tire,flat tire.jpg,https://unsplash.com/photos/omJsJSHVCUk
Undefined,Undefined,take a nap,take a nap.jpg,https://unsplash.com/photos/uhnZZUaTIOs
Undefined,Undefined,vet/veterinarian,vet.jpg,https://pixabay.com/zh/photos/health-hospital-medicine-nurse-4385852/
Undefined,Undefined,physical activity,physical activity.jpg,https://unsplash.com/photos/J154nEkpzlQ
Undefined,Undefined,burritos,burritos.jpg,https://unsplash.com/photos/50KffXbjIOg
Undefined,Undefined,lottery,lottery.jpg,https://unsplash.com/photos/s6lzmiOEeqg
Undefined,Undefined,floss,floss.jpg,https://pixabay.com/zh/photos/dental-floss-teeth-cleaning-clean-3597613/
Undefined,Undefined,timid,timid.jpg,https://unsplash.com/photos/5mz3NhHemb8
Undefined,Undefined,hop,hop.jpg,https://unsplash.com/photos/5vdF1XAwpvs
Undefined,Undefined,bathtub,bathtub.jpg,https://unsplash.com/photos/EAMWa3QSaKg
Undefined,Undefined,splash,splash.jpg,https://unsplash.com/photos/peaTniZsUQs
Undefined,Undefined,tire blow,tire blow.jpg,https://www.flickr.com/photos/moohaha/2725418543
Undefined,Undefined,grill,grill.jpg,https://unsplash.com/photos/JdFXBzf9gnA
Undefined,Undefined,chore,chore.jpg,https://unsplash.com/photos/BlLh0xjlJCw
Undefined,Undefined,fed/feed,fed.jpg,https://unsplash.com/photos/fQ2YX56wQ-Y
Undefined,Undefined,swing,swing.jpg,https://unsplash.com/photos/WGhc5rJukB4
Undefined,Undefined,sneak,sneak.jpg,https://unsplash.com/photos/SrAnT6OtADY
Undefined,Undefined,seesaw,seesaw.jpg,https://unsplash.com/photos/RwWW0BIgFuQ
Undefined,Undefined,crawl,crawl.jpg,https://unsplash.com/photos/-d6sy-eKQ8s
Undefined,Undefined,pirate,pirate.jpg,https://pixabay.com/zh/photos/woman-model-portrait-costume-6079989/
Undefined,Undefined,shout,shout.jpg,https://unsplash.com/photos/oxQ17xPcEeM
Undefined,Undefined,atlas,atlas.jpg,https://unsplash.com/photos/o0l-M8W_7wA
